X,Y,OBJECTID,Count_,Int_Number,Location,Dist
-71.075102062355953,42.308188275308936,1,386,3121,Columbia Rd. & Wyola Place,DO
-71.075238047512897,42.345855733633165,2,388,319,Columbus Ave. & Dartmouth St.,BP
-71.098279726547347,42.319568778357784,3,389,507,Columbus Ave. & Dimock St.,RX
-71.081808208880915,42.340578905624156,4,390,95,Columbus Ave. & Massachusetts Ave.,BP
-71.08774027584208,42.336402574798896,5,391,2085,Columbus Ave. & Melnea Cass Blvd.,RX
-71.07649537275212,42.344846412199985,6,393,577,Columbus Ave. & West Canton St.,BP
-71.078526195163377,42.343202750956891,7,394,320,Columbus Ave. & West Newton St.,BP
-71.05331196191095,42.361201326738524,8,400,290,Commercial St. & Cross St.,BP
-71.054022881838733,42.36775559949541,9,401,328,Commercial St. & Foster St.,BP
-71.052520054984555,42.367196821850534,10,402,424,Commercial St. & Hanover St.,BP
-71.105059652498127,42.349739952406921,11,403,1283,Commonwealth Ave. & Cummington St.,BP
-71.128089888375655,42.35068821287539,12,404,845,Commonwealth Ave. & Fordham St.,AB
-71.10361782857467,42.349774100001149,13,405,457,Commonwealth Ave. & Granby St.,BP
-71.134071569835299,42.348638822941297,14,406,459,Commonwealth Ave. & Griggs St.,AB
-71.13087253285309,42.350153042525896,15,407,181,Commonwealth Ave. & Harvard Ave.,AB
-71.094977798516922,42.348811682043795,16,408,3087,Commonwealth Ave. & Kenmore St.,BP
-71.148691708199451,42.341821466742594,17,409,1190,Commonwealth Ave. & Leamington Rd.,AB
-71.088520957213959,42.348897841009709,18,410,90,Commonwealth Ave. & Massachusetts Ave.,BP
-71.157854107662715,42.339738892811511,19,412,1208,Commonwealth Ave. & South St.,AB
-71.132992836854498,42.349622299973603,20,413,880,Commonwealth Ave. & Spofford St.,AB
-71.106570842759851,42.349922127050156,21,414,177,Commonwealth Ave. & St. Mary's St.,BP
-71.14268524035073,42.343641496987878,22,416,180,Commonwealth Ave. & Washington St.,AB
-71.039310521316352,42.382618578588456,23,434,431,Condor St. & Meridian St.,EB
-71.055678565318047,42.355645473931496,24,437,362,Congress St. & Franklin St.,BP
-71.057583517427915,42.36157839025887,25,438,4035,Congress St. & Hanover St.,BP
-71.054643074591795,42.354663197921845,26,439,47,Congress St. & High St.,BP
-71.056309656039858,42.356825126292257,27,440,1520,Congress St. & Milk St.,BP
-71.054127242153996,42.354174798372441,28,441,3055,Congress St. & Purchase St.,BP
-71.056804928048521,42.358877559910098,29,442,52,Congress St. & State St.,BP
-71.135618442275984,42.346255702397919,30,450,641,Corey Rd. & Kelton St.,AB
-71.138267312453536,42.344149059674287,31,451,640,Corey Rd. & Summit Ave.,AB
-71.140429546012498,42.342416769969617,32,452,639,Corey Rd. & Washington St.,AB
-71.135534643824386,42.279564020329971,33,454,632,Cornell St. & Washington St.,WR
-71.055664133143949,42.362638737196193,34,458,4096,Cross St. & Hanover St.,BP
-71.118917027070097,42.279958136034779,35,463,250,Cummins Hwy. & Hyde Park Ave.,WR
-71.125114115715235,42.284486375013977,36,464,2262,Cummins Hwy. & Sycamore St.,WR
-71.128127792896223,42.286465079408721,37,465,252,Cummins Hwy. & Washington St.,WR
-71.098288883194783,42.270270273965188,38,466,1367,Cummins Hwy. & Woodhaven St.,DO
-71.047874389372097,42.341349224155735,39,473,4085,Cypher & D St.,SB
-71.057019459781841,42.333656677516807,40,474,1128,D St. & Dorchester Ave.,SB
-71.042159291155912,42.346224126381273,41,479,374,D St. & Summer St.,SB
-71.050835230370055,42.338825217523564,42,480,373,D St. & West Broadway,SB
-71.048612622099284,42.340720236562028,43,481,1484,D St. & West First St.,SB
-71.053877037251979,42.336263090398788,44,482,540,D St. & West Seventh St.,SB
-71.049929972907151,42.339603061578124,45,483,786,D St. & West Third St.,SB
-71.066224715443852,42.300335681440039,46,486,2355,Dakota St. & Geneva Ave.,DO
-71.078715026822451,42.352872140294167,47,488,750,Dartmouth St. & Marlborough St.,BP
-71.077734797808844,42.350907890807228,48,489,824,Dartmouth St. & Newbury St.,BP
-71.076399516475334,42.348325093319218,49,490,110,Dartmouth St. & Stuart St.,BP
-71.074471102935703,42.344317574624625,50,491,663,Dartmouth St. & Warren Ave.,BP
-71.053144977305578,42.331543811180993,51,523,173,Dorchester St. & Old Colony Ave.,SB
-71.047803386971893,42.334491364349425,52,524,949,Dorchester St. & West Fifth St.,SB
-71.071962261107188,42.337507008740275,53,550,547,East Newton St. & Harrison Ave.,BP
-71.149840197185483,42.337690312705782,54,556,800,Englewood Ave. & Sutherland St.,AB
-71.057162538353566,42.352090734008947,55,563,377,Essex St. & South St.,BP
-71.05617860716093,42.353651761159675,56,580,48,Federal St. & High St.,BP
-71.105656985187125,42.333831506727662,57,583,1944,Fenwood Rd. & Huntington Ave.,RX
-71.102473542325441,42.308891936974071,58,586,1531,Forest Hills St. & Glen Rd.,WR
-71.103749429171373,42.303304924551377,59,587,2047,Forest Hills St. & Williams St.,WR
-71.071260348163079,42.282040257955593,60,603,510,Fuller St. & Washington St.,DO
-71.085106702293089,42.351152193686374,61,611,865,Gloucester St. & Marlborough St.,BP
-71.170983219487312,42.272913626457161,62,612,714,Gould St. & Spring St.  / V.A. Hospital,WR
-71.061517711263875,42.350639330844302,63,626,367,Harrison Ave. & Kneeland St.,BP
-71.067779634927163,42.340838476871042,64,631,689,Harrison Ave. & Waltham St.,BP
-71.083045091359068,42.328007174100563,65,632,784,Harrison Ave. & Warren St.,RX
-71.053212460602879,42.356068795924337,66,642,566,High St. & Oliver St.,BP
-71.054025896345522,42.355256961436687,67,643,1197,High St. & Pearl St.,BP
-71.050889242450452,42.356967874344157,68,644,7004,High St. & Purchase St.,BP
-71.056985190337457,42.353279616012401,69,645,60,High St. & Summer St.,BP
-71.086034731954868,42.319041313471139,70,646,1561,Humboldt Ave. & Martin Luther King Jr. Blvd.,RX
-71.086528506053213,42.317073504896811,71,647,556,Humboldt Ave. & Townsend St.,RX
-71.086024140370625,42.320728586847245,72,648,572,Humboldt Ave. & Walnut Ave.,RX
-71.088325697783532,42.314624660872838,73,649,947,Humboldt Ave. & Waumbeck St.,RX
-71.087348655608537,42.315832683226468,74,650,1723,Humboldt Ave. & Wyoming St.,RX
-71.122176662731988,42.261629796143225,75,668,871,Hyde Park Ave. & West St.,HP
-71.083081939070027,42.327466032869275,76,674,1969,Kearsarge Ave. & Warren St. @ The Boy's Club,RX
-71.091256425016965,42.336044643972791,77,681,1526,Leon St. & Ruggles St.,RX
-71.065709107325517,42.347688182669643,78,695,1328,Marginal Rd. & Shawmut Ave.,BP
-71.088141755092408,42.348119219578749,79,704,91,Massachusetts Ave. & Newbury St.,BP
-71.084120532736918,42.342165790126174,80,706,134,Massachusetts Ave. & St. Botolph St.,BP
-71.125667831960982,42.275916211174447,81,730,517,Metropolitan Ave. & Poplar St.,WR
-71.115688475439157,42.260438575987003,82,731,1104,Metropolitan Ave. & River St.,HP
-71.133535369377086,42.28141674680797,83,732,582,Metropolitan Ave. & Washington St.,WR
-71.055736488246424,42.356913468470566,84,733,327,Milk St. & Pearl St.,BP
-71.058744798284607,42.356995711455355,85,735,23,Milk St. & Washington St.,BP
-71.146270766642346,42.346121576638218,86,736,512,Monastery St. & Washington St.,AB
-71.044826548618772,42.318742124394731,87,742,2336,Mt. Vernon St. @ Harbor Point Blvd.,SB
-71.054494555428448,42.295948371340501,88,744,469,Neponset Ave. & Victory Rd.,DO
-71.062239204460269,42.362208158825993,89,746,4091,New Chardon St. @ Bulfinch Pl.,BP
-71.080413985646558,42.28548913522048,90,751,959,Norfolk St. & Stanton St.,DO
-71.07788225939747,42.288015436319363,91,752,1065,Norfolk St. & Woodrow Ave.,DO
-71.129783655961916,42.363200978234161,92,756,188,North Harvard St. & Western Ave.,AB
-71.078719051920316,42.336919345890493,93,761,785,Northampton St. & Shawmut Ave.,BP
-71.060029689006512,42.31464106243299,94,777,230,Pleasant St. & Stoughton St.,DO
-71.092368241216406,42.332920618259294,95,781,4023,Prentiss St. & Tremont St.,RX
-71.135432512358832,42.288399774363938,96,795,771,Robert St. & South St.,WR
-71.15428948038938,42.263887454463195,97,796,1003,Rockingham Ave. & Washington St.  @ Engine #55,WR
-71.160003684935759,42.258930107194914,98,797,2335,Rockland St. & Washington St.,WR
-71.084022092464267,42.332050030470974,99,799,202,Ruggles St. & Shawmut Ave.,RX
-71.002971488318209,42.385324606344881,100,801,980,Saratoga St. & St. Edward Rd.,EB
-71.048492524847717,42.353175937883904,101,805,3109,Seaport Blvd. & Sleeper St.,SB
-71.073435322341666,42.3404129972199,102,806,647,Shawmut Ave. & West Brookline St.,BP
-71.074556222971822,42.339669385023534,103,807,545,Shawmut Ave. & West Newton St.,BP
-71.134173514786255,42.288900005457222,104,811,770,South St. & Walter St.,WR
-71.127420981796703,42.28712706287449,105,812,2165,South St. & Washington St. @ Forest Hills MBTA Station Busway Exit (Monitor #253),WR
-71.101323919929541,42.332976419401469,106,816,138,St. Alphonsus St. & Tremont St.,RX
-71.149278922147047,42.338649719638191,107,818,392,Strathmore Rd. & Sutherland Rd.,AB
-71.049480987628428,42.349090409214412,108,1,1251,A St. & Melcher St.,SB
-71.051511538791161,42.358802157661493,109,87,2006,Atlantic Ave. & Milk St.,BP
-71.051958551714534,42.3616735342355,110,89,1964,Atlantic Ave. & Richmond,BP
-71.051766084792959,42.359658621105432,111,90,2023,Atlantic Ave. & State St.,BP
-71.055370736278448,42.352692323059877,112,91,43,Atlantic Ave. & Summer St.,BP
-71.121319994356043,42.351690818806524,113,104,1263,Babcock St. & Commonwealth Ave.,BP
-71.093583991182371,42.270123067303231,114,105,849,Babson St. & Blue Hill Ave.,DO
-71.092570250687231,42.276493037137683,115,107,1648,Babson St. & Norfolk St.,DO
-71.166956535849351,42.277180926935195,116,108,817,Baker St. & Gardner St.,WR
-71.167153246105016,42.275810676779237,117,109,727,Baker St. & Spring St.,WR
-71.118034455657025,42.308819855193043,118,111,1786,Ballard St. & Centre St.,WR
-71.07131415831995,42.355750098164144,119,117,4080,Beacon St. & Brimmer St.,BP
-71.069435563803253,42.356232214436076,120,118,65,Beacon St. & Charles St.,BP
-71.091636300671098,42.350283702811303,121,119,314,Beacon St. & Charlesgate East,BP
-71.091636300671098,42.350283702811303,122,120,152,Beacon St. & Charlesgate West,BP
-71.076967027304789,42.354247376430919,123,122,336,Beacon St. & Clarendon St.,BP
-71.079095182505469,42.35366726272072,124,123,104,Beacon St. & Dartmouth St.,BP
-71.081261265806944,42.353081759335524,125,124,337,Beacon St. & Exeter St.,BP
-71.083545420035463,42.352467144541095,126,125,338,Beacon St. & Fairfield St.,BP
-71.0855003927106,42.351939797880263,127,126,339,Beacon St. & Gloucester St.,BP
-71.10924472371704,42.336990104671528,128,251,1432,Brookline Ave. & Francis St.,RX
-71.089400455635626,42.313283386726127,129,456,520,Crawford St. & Humboldt Ave.,RX
-71.042939679061334,42.345559867019404,130,475,4062,D St. & Fargo St.,SB
-71.055295326887105,42.335064608216008,131,477,147,D St. & Old Colony,SB
-71.155424079220467,42.262930188809946,132,498,1752,Desoto Rd. & Washington St.,WR
-71.057318449126853,42.355464917260527,133,499,56,Devonshire St. & Franklin St.,BP
-71.057308192731256,42.356752139890503,134,500,55,Devonshire St. & Milk St.,BP
-71.057331977412957,42.357583005841988,135,501,54,Devonshire St. & Water St.,BP
-71.095301544153628,42.318838330800048,136,502,4089,Dimock St. & Washington St.,RX
-71.057123840375056,42.338923018362102,137,504,2307,Dorchester Ave. & Haul Rd.,SB
-71.05712921245302,42.337941267349031,138,505,271,Dorchester Ave. & Old Colony Ave.,SB
-71.060643031555344,42.298635390213796,139,506,356,Dorchester Ave. & Park St.,DO
-71.06761382797275,42.273914041927362,140,507,721,Dorchester Ave. & Richmond St.,DO
-71.057211002486653,42.312986694064229,141,508,344,Dorchester Ave. & Savin Hill Ave.,DO
-71.052865283240308,42.35142212331052,142,509,46,Dorchester Ave. & Summer St.,BP
-71.0567061387123,42.317138656821406,143,510,4041,Dorchester Ave. & Taft St.,DO
-71.066489107336992,42.277981786099218,144,511,807,Dorchester Ave. & Valley Rd.,DO
-71.057153749432118,42.341605632598714,145,512,309,Dorchester Ave. & West Fourth St.,SB
-71.056690370132713,42.315452606423904,146,513,960,Dorchester Ave. @ Belfort St. & Victoria St.,DO
-71.062095990832006,42.293646301358031,147,514,979,Dorchester Ave. @ Centre St.,DO
-71.05919344990663,42.304222043632471,148,515,4026,Dorchester Ave. @ Kimball St.,DO
-71.068030542752851,42.348007010248686,149,696,1330,Marginal Rd. & Tremont St.,BP
-71.051041266340192,42.332821229900226,150,522,752,Dorchester St. & East Eighth St.,SB
-71.064360510358,42.347347135098637,151,697,1332,Marginal Rd. & Washington St.,BP
-71.048731807162923,42.334006104767688,152,525,2161,Dorchester St. & West Sixth St.,SB
-71.14910360137408,42.356176344950981,153,698,187,Market St. & North Beacon St.,AB
-71.075320566963711,42.326154749838508,154,528,207,Dudley St. & Hampden St.  @ Dunmore St.,RX
-71.082748605690597,42.328614336205661,155,529,208,Dudley St. & Harrison Ave.,RX
-71.089102735450908,42.350064103158836,156,699,89,Marlborough St. & Massachusetts Ave.,BP
-71.083474578462898,42.328708298613407,157,530,209,Dudley St. & Warren St.,RX
-71.048389593906549,42.338606399895056,158,536,945,E St. & West Third St,SB
-71.064354555581275,42.343509963831409,159,537,366,East Berkeley St. & Harrison Ave.,BP
-71.067061470889342,42.344336563437231,160,538,87,East Berkeley St. & Shawmut Ave.,BP
-71.088596812139656,42.319985567632777,161,700,1595,Martin Luther King Jr. Blvd. & Walnut Ave.,RX
-71.065948803063819,42.34395642759862,162,539,365,East Berkeley St. & Washington St.,BP
-71.082157489900609,42.317933072426364,163,701,1611,Martin Luther King Jr. Blvd. & Warren St.,RX
-71.044264961524831,42.335500258124405,164,540,625,East Broadway & G St.,SB
-71.078080113885562,42.33733479242138,165,705,97,Massachusetts Ave. & Shawmut Ave.,BP
-71.035423791618285,42.335650783632815,166,541,304,East Broadway & L St.,SB
-71.080419055792106,42.339275527181982,167,707,96,Massachusetts Ave. & Tremont St.,BP
-71.070945294243018,42.338333995218193,168,543,661,East Brookline St. & Harrison Ave.,BP
-71.077078014748651,42.336507346643437,169,708,98,Massachusetts Ave. & Washington St.,BP
-71.073216218556098,42.336497724707847,170,545,467,East Concord St. & Harrison Ave.,BP
-71.085770110723971,42.343375762983001,171,709,93,Massachusetts Ave. & Westland Ave. @ St. Stephen St.,BP
-71.03525850228543,42.331496903327967,172,546,455,East Eighth St. & L St.,SB
-71.071673029033136,42.332240132677377,173,711,1552,Massachusetts Ave. @ Gerard St.,RX
-71.03992164667379,42.333882456126339,174,547,1462,East Fifth St. & I St.,SB
-71.114841003869884,42.305922388921431,175,716,1738,McBride St. & South St.,WR
-71.035331926446673,42.333963471074405,176,548,2242,East Fifth St. & L St.,SB
-71.061577448475262,42.38079090443,177,718,1859,Medford St. & Terminal St.,CH
-71.08254587813353,42.333783760174832,178,720,2088,Melnea Cass Blvd. & Shawmut Ave.,RX
-71.089034706993573,42.30763999035382,179,553,325,Elm Hill Ave. & Seaver St.,RX
-71.080957313610057,42.332875758919052,180,723,2089,Melnea Cass Blvd. & Washington St.,RX
-71.08354418857347,42.313100915019028,181,554,580,Elm Hill Ave. & Warren St.  @ Waumbeck St.,RX
-71.071858398477872,42.293303034903218,182,724,148,Melville Ave. & Washington St.,DO
-71.078547016100487,42.303395958119161,183,559,607,Erie St. & Washington St.,DO
-71.039250580241685,42.380558219173949,184,726,983,Meridian St. & White St.,EB
-71.061393978332632,42.352511705290105,185,560,1070,Essex St. & Harrison Ave.,BP
-71.059698757922874,42.363061750755591,186,729,311,Merrimac St. & New Chardon St.,BP
-71.059393968602507,42.352534928580226,187,561,375,Essex St. & Kingston St.,BP
-71.068751061340492,42.379067983266367,188,562,2338,Essex St. & Main St.,CH
-71.063922100139038,42.362218941972095,189,765,4128,O'Connell Way & Staniford St.,BP
-71.080899015477058,42.331057512290094,190,566,573,Eustis St. & Harrison Ave.,RX
-71.033920255640908,42.371947393474734,191,766,4027,Orleans St. & Porter St.,EB
-71.098109544363993,42.33673904533574,192,568,1532,Evans Way & Huntington Ave.,RX
-71.058603625103459,42.354096033767092,193,767,605,Otis St. & Summer St.,BP
-71.136600124852947,42.360182289805252,194,570,897,Everett St. & Holton St.,AB
-71.067023761590107,42.296869433590359,195,770,591,Park St. & Waldeck St.,DO
-71.139060900369216,42.353811422536367,196,571,1336,Everett St. & North Beacon St.,AB
-71.072115120285275,42.295514386189957,197,771,539,Park St. & Washington St.,DO
-71.135314845947207,42.363189162158129,198,572,756,Everett St. & Western Ave.,AB
-71.093658740535133,42.336968315891937,199,773,389,Parker St. & Ruggles St.,RX
-71.079890825668883,42.3503264938863,200,574,793,Exeter St. & Newbury St.,BP
-71.097189879306072,42.331799190400851,201,774,610,Parker St. & Tremont St.,RX
-71.156152928743253,42.355345600861604,202,577,561,Faneuil St. & Parsons St.,AB
-71.053357817009896,42.354542961575333,203,775,602,Pearl St. & Purchase St.,BP
-71.056523269527943,42.35551290112975,204,579,49,Federal St. & Franklin St.,BP
-71.112131282324597,42.321600766350912,205,776,267,Perkins St. & South Huntington Ave.,WR
-71.090637295195435,42.339773044231741,206,589,643,Forsyth St. & Huntington Ave.,RX
-71.099139187511653,42.265153369036049,207,788,1734,Rector Rd. & River St.,DO
-71.157111978143675,42.349061867947064,208,591,1475,Foster St. & Washington St.,AB
-71.130951748689725,42.252219181024259,209,789,1318,Reservation Rd. & River St.,HP
-71.107453339695084,42.335847945139939,210,592,2330,Francis St. & Vining St.,RX
-71.069439760371864,42.27247493461347,211,790,1488,River St. & Washington St.,DO
-71.054893828726279,42.356095214935031,212,593,548,Franklin St. & Pearl St.,BP
-71.108427654241609,42.262627880339487,213,791,1448,River St. & Wood Ave.,HP
-71.086462825465858,42.34145229099434,214,604,363,Gainsborough St. & Huntington Ave.,BP
-71.132206224061804,42.363270503978768,215,849,698,Western Ave. @ Riverdale St.,AB
-71.055504547418622,42.341841298389141,216,2,1110,A St. & West Broadway,SB
-71.062468039663756,42.298108299579376,217,606,739,Geneva Ave. & Park St.,DO
-71.056325829185965,42.34113237540906,218,3,417,A St. & West Fourth St.,SB
-71.067380304207035,42.301017150609461,219,607,789,Geneva Ave. & Westville St.,DO
-71.054280355235008,42.342869027593991,220,4,1984,A St. & West Second St.,SB
-71.126948968854819,42.248566139115155,221,610,1109,Glenwood Ave. & Hyde Park Ave.,HP
-71.055368559872804,42.288267235313377,222,9,351,Adams St. & Ashmont St.,DO
-71.05417304959758,42.278953915164351,223,613,900,Granite Ave. & Hill Top St.,DO
-71.064099531118202,42.273273916486922,224,10,755,Adams St. & Butler St.,DO
-71.057049157470701,42.298236405830643,225,12,617,Adams St. & Gibson St.,DO
-71.054746554188313,42.280360454095096,226,614,345,Granite Ave. & Milton St.,DO
-71.058142763120287,42.29933895334041,227,13,357,Adams St. & Park St.,DO
-71.157068227136108,42.26135970693197,228,616,256,Grove St. & Washington St.,WR
-71.061847152929047,42.275255533188833,229,14,875,Adams St. & Richmond St.,DO
-71.057212674667838,42.291437767662813,230,16,1743,Adams St. @ Lonsdale St.,DO
-71.131374960706296,42.283443291013178,231,22,1686,Albano St. & Washington St.,WR
-71.107093770266431,42.333291011384411,232,663,3133,"Huntington Ave., Mission St., & St. Albans Rd",RX
-71.148318013037752,42.357438966315776,233,617,3112,Guest St. & Market St.,AB
-71.072141269439172,42.332618248295994,234,673,1093,"JFF Ramp, Massachusetts Ave., Melnea Cass Blvd., & Southampton St.",RX
-71.093467248035822,42.312189040158437,235,624,2069,Harold St. & Seaver St.,RX
-71.071429814984995,42.334990740747671,236,23,813,Albany St. & East Concord St.,BP
-71.058921699324202,42.349963959439407,237,678,403,"Kneeland St., Lincoln St., & Ramp X",BP
-71.063239757424654,42.346359604329471,238,625,1122,Harrison Ave. & Herald St.,BP
-71.063012500691357,42.350876897537319,239,679,15,"Kneeland St., Stuart St., & Washington St.",BP
-71.075162116124275,42.334938822663311,240,627,99,Harrison Ave. & Massachusetts Ave.,BP
-71.070089547545635,42.33594480092782,241,24,382,Albany St. & East Newton St.,BP
-71.064902452202929,42.365774155566584,242,685,2248,"Lomasney Way, Martha Rd., & Nashua St.",BP
-71.079384190422715,42.332075012057238,243,628,2090,Harrison Ave. & Melnea Cass Blvd.,RX
-71.065804401465428,42.376557037995241,244,690,1553,"Main St., School St., & West School St.",CH
-71.064014045904386,42.344514391984518,245,630,1452,Harrison Ave. & Traveler St.,BP
-71.061287262069527,42.345960451051873,246,25,70,Albany St. & Herald St.,BP
-71.09196049359214,42.321676268459207,247,702,1592,"Martin Luther King Jr. Blvd., Valentine St., & Washington St. (Monitor #4100)",RX
-71.078466753009408,42.296815942392776,248,636,511,Harvard St. & Norwell St.,DO
-71.069623342034816,42.330091934271898,249,714,697,"Massachusetts Ave., Pompeii St., & Theo A. Glynn Way",RX
-71.073475051855951,42.333540164426189,250,26,100,Albany St. & Massachusetts Ave.,BP
-71.099615474852413,42.282336743630324,251,637,686,Harvard St. & Walk Hill St.,DO
-71.125205479116758,42.311864730541728,252,715,862,"May St., Moss Hill Rd., & Pond St.",WR
-71.105228297623313,42.326120033325154,253,638,1802,Heath St. & Schiller St.,RX
-71.076945154646182,42.331238024552654,254,27,2091,Albany St. & Melnea Cass Blvd.,BP
-71.108435839395113,42.305538518057148,255,717,986,"McBride St., Rossmore Rd., & Washington St.",WR
-71.089908248859373,42.343969600809444,256,639,481,Hemenway St. & Westland Ave.,BP
-71.070058251556617,42.273587257511288,257,738,1243,"Morton St., Richmond St., & Washington St.",DO
-71.065856420041968,42.346908042858104,258,640,447,Herald St. & Shawmut Ave.,BP
-71.074407456233274,42.332866274000338,259,28,204,Albany St. & Northampton St.,BP
-71.070729201749486,42.340780241840598,260,741,1099,"Msgr. Reynolds Way, Washington St., & West Dedham St.",BP
-71.064571876514748,42.346637009004183,261,641,1127,Herald St. & Washington St.,BP
-71.050668171345762,42.292843422146426,262,745,982,"Neponset Ave., Pope's Hill St., & South Monroe Terr.",DO
-71.058064807122889,42.36353775772929,263,747,1862,"New Chardon St., North Washington St., & Surface Rd. SB  (w/ Canal St. @ New Chardon St.)",BP
-71.062065102403182,42.344043918554341,264,30,4115,Albany St. & Traveler St.,BP
-71.100270781745834,42.335919187217087,265,652,269,Huntington Ave. & Longwood Ave.,RX
-71.077180475626662,42.29175859258774,266,748,1921,"New England Ave., Norwell St., & Talbot Ave.",DO
-71.084896764365752,42.342763424001781,267,653,94,Huntington Ave. & Massachusetts Ave.,BP
-71.065544470418558,42.348633588245278,268,763,1922,"Oak St. West, Shawmut Ave., & Tremont St.",BP
-71.067373383022598,42.394210073572467,269,35,729,Alford St. & Dexter St.,CH
-71.112091997557371,42.332001433779759,270,655,206,Huntington Ave. & South Huntington Ave.,RX
-71.064060769145343,42.348437258502123,271,764,112,"Oak St., Oak St. West, & Washington St.",BP
-71.102422126846136,42.335178321667257,272,656,2354,Huntington Ave. & Wigglesworth St.,RX
-71.065123334030503,42.324765148659829,273,40,476,Allstate Rd. & Massachusetts Ave. @ Boston Edison Co.,DO
-71.118174542320773,42.289886454533423,274,665,881,Hyde Park Ave. & Southbourne Rd.,HP
-71.062021756775593,42.356552032579764,275,772,8,"Park St., Tremont St., & Winter St.",BP
-71.114864752030087,42.297991970593039,276,666,2162,Hyde Park Ave. & Ukraine Way,WR
-71.058895058749471,42.3127942210931,277,778,622,"Pleasant St., Savin Hill Ave., & Sawyer Ave.",DO
-71.134444726465787,42.353244594776903,278,41,1808,Allston St. & Brighton Ave.,AB
-71.116197842626434,42.296074221045771,279,667,249,Hyde Park Ave. & Walk Hill St.,WR
-71.082910643889235,42.316386752212686,280,786,526,"Quincy St., Townsend St., & Warren St.",RX
-71.060872659517315,42.350466735705091,281,677,401,Kneeland St. & Tyler St.,BP
-71.089499194668122,42.334475719421135,282,800,611,"Ruggles St., Tremont St., & Whittier St.",RX
-71.137795528330486,42.348335739024066,283,42,335,Allston St. & Commonwealth Ave.,AB
-71.160497984883094,42.348888707970659,284,680,726,Lake St. & Washington St.,AB
-71.082879111797013,42.32411817086134,285,840,990,"Walnut Ave., Warren St., & Whiting St.",RX
-71.06790877310182,42.328053482415264,286,688,696,Magazine St. & Massachusetts Ave.,RX
-71.059787619071855,42.301491455098514,287,11,228,Adams St. & Dorchester Ave. (Fields Corner),DO
-71.138220989762843,42.347600289306484,288,43,522,Allston St. & Kelton St.,AB
-71.071482285344132,42.326695500951203,289,689,527,Magazine St. & Norfolk Ave.,RX
-71.06353248373081,42.340982133918708,290,34,1333,"Albany St., MBTA Drive & Randolph St.",BP
-71.050666773775561,42.357029017712172,291,86,40,Atlantic Ave. & High St.  (Monitor #1486),BP
-71.088270079143527,42.33063770976964,292,691,2349,Malcolm X Blvd. & Roxbury St.,RX
-71.051479440199998,42.354746159143708,293,95,1216,"Atlantic Ave., Ramp CA-N, & Seaport Blvd.",BP
-71.139813525965195,42.345101056236928,294,44,638,Allston St. & Summit Ave.,AB
-71.087389039427791,42.30676489824446,295,694,981,Maple St. & Seaver St.,RX
-71.150949854459185,42.335962162809395,296,121,183,Beacon St. & Chestnut Hill Ave. (Cleveland Circle),AB
-71.097948789074906,42.281286780710111,297,45,719,Almont St. & Walk Hill St.,DO
-71.129722360307255,42.287223879480088,298,144,1088,"Belgrade Ave., MBTA Driveway, & South St.",WR
-71.084759335951887,42.305259194231738,299,188,2104,Blue Hill Ave. & Seaver St. (Rt. Turn),RX
-71.082619567294444,42.309542433604129,300,190,189,Blue Hill Ave. & Warren St. (Grove Hall),RX
-71.087055420113188,42.29812448144547,301,46,216,American Legion Hwy. & Blue Hill Ave.,DO
-71.077768933033923,42.320466310242566,302,191,1486,Blue Hill Ave. & West Cottage St.  (Monitor #1485),RX
-71.116818406158174,42.278960420300365,303,47,1195,American Legion Hwy. & Canterbury St.,WR
-71.093904076676964,42.26747274770684,304,196,234,"Blue Hill Ave., Cummins Hwy., & River St. (Mattapan Sq.)",DO
-71.09220719899308,42.295901659841327,305,48,1301,American Legion Hwy. & Franklin Hill Ave.,WR
-71.090811421473759,42.346486410108923,306,220,9005,Boylston St. & Fenway  (Monitor #9016),BP
-71.095361792371563,42.345239543622263,307,223,938,Boylston St. & Ipswich St (Monitor #983),BP
-71.102634001123803,42.343334435552961,308,227,9006,Boylston St. & Park Dr.  (Monitor #9017),BP
-71.120159995843892,42.272578674011719,309,49,1645,American Legion Hwy. & Hyde Park Ave.,WR
-71.051200550556885,42.356880118578502,310,246,4104,Broad St. & Surface Rd. SB,BP
-71.065137007657228,42.36112521966259,311,272,412,Cambridge St. & Joy St.  (Monitor #4021),BP
-71.114852801173882,42.282369632160794,312,51,1194,American Legion Hwy. & Mt. Hope St.,WR
-71.106668641596741,42.287668254501639,313,52,369,American Legion Hwy. & Walk Hill St.,WR
-71.074262179173644,42.384047914733237,314,273,987,Cambridge St. & Maffa Way (Sullivan Sq.),CH
-71.060617051997212,42.365731830423435,315,296,30,Causeway St. & Haverhill St. (Monitor #506),BP
-71.168615398982467,42.351066436868109,316,328,1071,Champney St. & Faneuil St. (Oak Square),AB
-71.101268917587362,42.318262336182833,317,55,615,Amory St. & Atherton St.,RX
-71.061984385730753,42.371173346498523,318,353,162,"Chelsea St., North Washington St. Bridge, & Rutherford Ave. (City Sq.)",CH
-71.053774520101868,42.360886453156688,319,374,1960,"Clinton St., Ramp CS-SA, & Surface Rd. SB",BP
-71.103120181708618,42.316612674158684,320,56,710,Amory St. & Boylston St.,WR
-71.098297242612489,42.315809724801994,321,392,191,Columbus Ave. & Washington St. (Egleston Square),RX
-71.16145669403862,42.340179693097625,322,421,1788,Commonwealth Ave. & Greycliff St.  (Monitor #1787),BP
-71.056402258061269,42.357601376194744,323,446,51,"Congress St., Post Office Sq., & Water St.",BP
-71.107005447625582,42.310487236170211,324,59,372,Amory St. & Green St.,WR
-71.089545911483,42.323455713173004,325,487,846,"Dale St., Oakland St., & Washington St.  (Monitor #4112)",RX
-71.061046169603117,42.297229557535388,326,503,1242,Dorchester Ave. & Gibson St.  (Monitor #617),DO
-71.105216523021483,42.313579282410394,327,60,1883,Amory St. & Minton St.,WR
-71.038922226502351,42.344297796182694,328,527,2249,"Dry Dock Ave., Pappas Way, & Summer St.",SB
-71.085164871028496,42.328879923000407,329,533,210,"Dudley St., Malcolm X Blvd., & Washington St.",RX
-71.07059743085513,42.346264518325214,330,62,560,Appleton St & Berkeley St,BP
-71.149959095585274,42.354811027933813,331,576,758,Faneuil St. & Market St.  (Monitor #4085),AB
-71.063167864805465,42.333126167747707,332,598,9996,Frontage Rd. NB & Widett Circle,SB
-71.060279109218484,42.330167525141235,333,602,9988,"Frontage Rd., I-93 NB Off Ramp, & Southampton St.",SB
-71.058036403292832,42.355455612183867,334,65,550,Arch St. & Franklin St.,BP
-71.07485789987723,42.331257469072561,335,619,2092,Hampden St. & Melnea Cass Blvd.  (Monitor #3140),RX
-71.121390882041126,42.292789333296177,336,66,762,Archdale Rd. & Washington St.,WR
-71.056529589126313,42.362184374393557,337,621,4101,Hanover St. & Surface Rd. SB,BP
-71.06249996231189,42.348192594312891,338,629,1601,Harrison Ave. & Oak St.  (Monitor #299),BP
-71.070682585446121,42.351910127416474,339,67,75,Arlington St. & Boylston St.,BP
-71.124120487953604,42.25583780941367,340,664,236,Hyde Park Ave. & River St. (Cleary Sq.)  (Monitor #4200),HP
-71.069179547684669,42.348088841506794,341,68,1331,Arlington St. & Marginal Rd.,BP
-71.113558138477131,42.29995168597744,342,671,1759,"Hyde Park Ave., Forest Hills MBTA Station Busway Exit, & Tower St.",WR
-71.052079937970802,42.358018875828265,343,672,2259,India St. & Surface Rd. SB,BP
-71.057676251942979,42.353479470608548,344,683,58,Lincoln St. & Summer St. (Church Green),BP
-71.109917915061573,42.340321665173654,345,686,9012,Longwood Ave. & Riverway  (Monitor #9020),BP
-71.154454900649384,42.352400916955389,346,69,391,Arlington St. & Parsons St.,AB
-71.090291198819273,42.331767334019126,347,692,2337,Malcolm X Blvd. @ #75 (Madison Park High),RX
-71.088270079143527,42.33063770976964,348,693,2346,"Malcolm X Blvd., Roxbury St. Connector, & Shawmut Ave. Ext.",RX
-71.071531963897812,42.284531575590918,349,76,1346,Armandine St. & Washington St.,DO
-71.066963275411609,42.326929652115027,350,713,3104,"Massachusetts Ave., New Market Sq., & Shirley St.",RX
-71.142553584158406,42.354506293772111,351,77,3111,Arthur St. & North Beacon St.,AB
-71.050990507395809,42.350492459215367,352,719,1165,Melcher St. & Summer St.  (Monitor #2008),BP
-71.05661979502257,42.350450416403667,353,81,44,Atlantic Ave. & Beach St.,BP
-71.086971342203896,42.335728157434843,354,721,3010,Melnea Cass Blvd. & Tremont St.  (Monitor #3098),RX
-71.052203767306196,42.358688916415453,355,734,1052,Milk St. & Surface Rd. SB,BP
-71.058286257966941,42.365274256372338,356,760,332,"North Washington St., Thatcher St., & Valenti Way",BP
-71.051189531762645,42.363742530198877,357,82,1963,Atlantic Ave. & Commercial Wharf,BP
-71.055752654379475,42.352800132617809,358,785,3012,"Purchase St., Ramp RR, Summer St., & Surface Rd. SB",BP
-71.058326688808137,42.357445719555308,359,803,24,School St. & Washington St.  (BP),BP
-71.058326688808137,42.357445719555308,360,804,954,School St. & Washington St.  (JP),WR
-71.053562302835573,42.353680051349436,361,83,3056,Atlantic Ave. & Congress St.,BP
-71.067988600042085,42.33169933966726,362,815,891,"Southampton St., Theo A. Glynn Way, & Topeka St.",RX
-71.052449823903316,42.359537113016835,363,817,2024,State St. & Surface Rd. SB  (Monitor #4106),BP
-71.051258201994102,42.357906594921971,364,84,2007,Atlantic Ave. & East India Row,BP
-71.043826843507276,42.347178892404742,365,823,664,Summer St. & World Trade Center Ave (Viaduct St),SB
-71.168499417992408,42.350726221650042,366,831,626,Tremont St. & Washington St. (Oak Square),AB
-71.055908801267094,42.35180188478472,367,85,45,Atlantic Ave. & Essex St.,BP
-71.010652676600131,42.389255501604872,368,201,426,Boardman St. near Ashley St.,EB
-71.060685483690577,42.353161735927706,369,98,3085,Avenue de Lafayette & Chauncy St.,BP
-71.062065102403182,42.344043918554341,370,247,2320,Broadway Bridge @ Traveler St,SB
-71.148974199247391,42.349399550518697,371,278,2106,Cambridge St. near Elko St./St. Elizabeth's Hospital,AB
-71.064229807696918,42.353401968864119,372,100,4,Avery St. & Tremont St.,BP
-71.039302593998229,42.374275846511601,373,304,2105,Central Sq. near Liverpool St.,EB
-71.091461945878521,42.330058382639855,374,314,195,Centre St. & Roxbury St.  (John Eliot Sq.),RX
-71.114859982613339,42.310457123063543,375,322,3071,"Centre St., Engine #29, & Thomas St.",WR
-71.062532364166259,42.353269981085845,376,101,18,Avery St. & Washington St.,BP
-71.097564806892009,42.315132575625782,377,397,1831,Columbus Ave. near Weld Ave.,WR
-71.051416215218808,42.366407720214781,378,113,32,Battery St. & Commercial St.,BP
-71.088520957213959,42.348897841009709,379,411,1583,Commonwealth Ave. & Massachusetts Ave. Underpass,BP
-71.120289771982954,42.255050671726352,380,496,1203,"Davison St., Fairmont Ave., & Pierce St.",HP
-71.074796981509024,42.354825916402071,381,116,283,Beacon St. & Berkeley St.,BP
-71.087322489759927,42.342037423533029,382,605,1021,Gainsborough St. & St. Stephens St.,BP
-71.08699415511083,42.351538359833974,383,127,340,Beacon St. & Hereford St.,BP
-71.08330764673488,42.325972684216424,384,737,386,"Moreland St., Regent St., & Warren St.",RX
-71.15326420938672,42.357256909029239,385,755,85,North Beacon St. near Vineland St.,AB
-71.065066575650576,42.357174834358091,386,128,406,Beacon St. & Joy St.,BP
-71.129294987439067,42.360725628083756,387,757,2078,North Harvard St. near Easton St.,AB
-71.055408664894159,42.361359343861629,388,758,4092,"North St., Ramp CNSA, & Surface Rd. SB  (Monitor #7000)",BP
-71.089490640231503,42.350859217490395,389,129,88,Beacon St. & Massachusetts Ave.,BP
-71.040330318711582,42.3452046604611,390,782,3126,Pumphouse Rd. & Summer St.  (Monitor #4061),SB
-71.110880775612969,42.329072760321488,391,810,2152,South Huntington Ave. near Heath St.  (Mid-block),RX
-71.038893963919335,42.368521240031846,392,825,1559,Sumner St. @ Engine #40 near Bremen St.,EB
-71.105099387445421,42.346654591314049,393,130,156,Beacon St. & Park Drive,BP
-71.039747391780153,42.368890856670774,394,826,171,Sumner St. @ Maverick Sq. MBTA Station,EB
-71.063201049159503,42.357726870801024,395,131,9,Beacon St. & Park St.,BP
-71.081387838946625,42.31979900843087,396,841,3141,Warren St. & Mall Driveway near Woodbine St.,RX
-71.170897584876982,42.35185025639381,397,846,672,Washington St. @ Presentation Church (near Atkins),AB
-71.057176139804469,42.342993258633989,398,248,136,"Broadway Bridge, Dorchester Ave, & West Broadway",SB
-71.059358966830644,42.353344304043809,399,138,101,Bedford St. & Kingston St.,BP
-71.110945199712575,42.35043181489246,400,259,315,"BU Bridge, Commonwealth Ave., & Essex St. (Monitor #316)",AB
-71.129439983477312,42.273480690649706,401,139,972,Beech St. & Poplar St.,WR
-71.073475051855951,42.333540164426189,402,31,2341,Albany St. @ Boston Medical Center,BP
-71.064882166967578,42.351139188599831,403,819,1,Stuart St. & Tremont St.,BP
-71.073281194284618,42.386587356250828,404,37,1131,Alford St. @ Ryan Playground,CH
-71.145167301195372,42.286058435104323,405,141,1238,Belgrade Ave. & McCraw St.,WR
-71.075389308393696,42.348627061698785,406,820,1358,Stuart St. & Trinity Pl.,BP
-71.029192540794853,42.378164449241176,407,351,2325,Chelsea St. Mid-Block near Prescott St.,EB
-71.137379700151385,42.362919910562503,408,827,2271,Telford St. & Western Ave.,AB
-71.152390283300761,42.355119877618506,409,578,717,Faneuil St. @ McKinney Playground,AB
-71.06289718951254,42.355653242646241,410,828,6,Temple Pl. & Tremont St.,BP
-71.137638462994062,42.286258107417012,411,142,705,Belgrade Ave. & Walworth St.,WR
-71.084896764365752,42.342763424001781,412,654,839,Huntington Ave. & Massachusetts Ave. Underpasses,BP
-71.09098834720352,42.318258455048095,413,829,393,Townsend St. & Walnut Ave.,RX
-71.087344291253274,42.346505331781799,414,147,129,Belvidere St. & Massachusetts Ave.,BP
-71.08776351378863,42.341202450882918,415,660,1349,Huntington Ave. opposite YMCA,RX
-71.065311181775385,42.344998834480997,416,830,4087,Traveler St. & Washington St.,BP
-71.110168620109363,42.326795325781504,417,809,725,South Huntington Ave. @ Veterans Hospital  (Mid-block),RX
-71.076554593804971,42.341349291785619,418,832,146,Tremont St. & West Newton St.,BP
-71.063516175811259,42.349660477508571,419,847,1895,Washington St. @ Tufts Medical Center,BP
-71.01622971480738,42.383399891978257,420,149,1019,Bennington St. & Byron St.,EB
-71.063341808547165,42.355190493028687,421,833,5,Tremont St. & West St.,BP
-71.100049278765766,42.332513713558022,422,834,2241,Tremont St. @ Carmel St.,RX
-70.997154496102624,42.389960162353375,423,150,2263,Bennington St. & Leverett Ave.,EB
-71.115816467092458,42.298349830774079,424,835,2272,Ukraine Way & Washington St.,WR
-71.018383977217255,42.38260285511236,425,151,732,Bennington St. & Moore St.,EB
-71.06964581822244,42.341334616142198,426,836,872,Union Park St. & Washington St.,BP
-71.152457463214816,42.34611162953756,427,837,681,Union St. & Winship St.,AB
-71.025374836622106,42.379986518711981,428,152,450,Bennington St. & Neptune Rd.,EB
-71.084017553334078,42.330350734271661,429,838,1970,Vernon St. & Washington St.,RX
-71.115377653020175,42.294601956967988,430,839,509,Wachusett St. & Walk Hill St.,WR
-71.00672424431751,42.386657332848053,431,153,168,Bennington St. & Saratoga St.,EB
-71.150155355875498,42.26761670795441,432,842,1051,Washington St. & West Boundary Rd.,WR
-71.107480217909753,42.306506674509905,433,843,1285,Washington St. & Williams St.,WR
-71.022173024316089,42.381176629951746,434,154,1173,Bennington St. & Swift St.,EB
-71.048466262185599,42.35037821402203,435,5,1662,"A St., Congress St., & Thompson St.",SB
-71.0571624471104,42.340604181216285,436,6,933,"A St., Dorchester Ave., & West Fifth St.",SB
-71.010351333107863,42.385432170033646,437,155,1953,Bennington St. & Trident St.,EB
-71.053113444952686,42.34440767167397,438,7,3138,"A St., Richards St., & Sobin Park",SB
-71.089499194668122,42.334475719421135,439,8,3082,"Access Dr., Ruggles St., & Tremont St.",RX
-71.073053009579738,42.351268599110007,440,158,77,Berkeley St. & Boylston St.,BP
-71.056229507492446,42.295216553697315,441,17,764,"Adams St., Centre St., & Elmdale St.",DO
-71.070954342116522,42.346989605800367,442,159,623,Berkeley St. & Chandler St.,BP
-71.067984450820163,42.272235531139643,443,18,360,"Adams St., Dorchester Ave., & Washington St. (Pierce Sq.)",DO
-71.05685708300885,42.297953018754505,444,19,567,"Adams St., Neponset Ave., & Parkman St.",DO
-71.071782651842554,42.348676883020545,445,160,278,Berkeley St. & Columbus Ave.,BP
-71.165396826290731,42.287548354921448,446,20,1022,"Addington St., LaGrange St., & Vermont St.",WR
-71.067039348397103,42.289082339882803,447,21,890,"Alban St., Talbot Ave., & Welles Ave.",DO
-71.07441014590826,42.354033505165646,448,163,280,Berkeley St. & Marlborough St.,BP
-71.062499523834404,42.343005557547528,449,33,312,"Albany St., East Berkeley St., Frontage Rd NB, & West Fourth St. Bridge",BP
-71.116818406158174,42.278960420300365,450,53,370,"American Legion Hwy., Canterbury St., & Cummins Hwy.",WR
-71.073445288117753,42.352069962101744,451,164,282,Berkeley St. & Newbury St.,BP
-71.116818406158174,42.278960420300365,452,54,999,"American Legion Hwy., Canterbury St., & Kingbird Rd.",WR
-71.06343449990392,42.318570084632441,453,61,542,"Annabel St., Columbia Rd., & Holden St.",DO
-71.072649286480171,42.350445934379927,454,165,281,Berkeley St. & St. James Ave.,BP
-71.127420981796703,42.28712706287449,455,63,2163,"Arborway Ramps, Forest Hills MBTA Station Busway Exit, South St., & Washington St.",WR
-71.072617485244749,42.355424004015383,456,70,71,"Arlington St., Beacon St., Embankment Rd., & Marlborough St.  (INT#71 & INT#72)",BP
-71.069899386394582,42.350165365659969,457,71,76,"Arlington St., Columbus Ave., & Stuart St.",BP
-71.071502321478135,42.353506131686807,458,72,73,"Arlington St., Commonwealth Ave., & Newbury St.  (INT#73 & INT#74)",BP
-71.068598790114478,42.347506972971317,459,73,364,"Arlington St., Herald St., & Tremont St.",BP
-71.151928489149142,42.351657881565494,460,74,334,"Arlington St., Market St., & Sparhawk St.",AB
-71.070294259503498,42.351108773209212,461,75,1378,"Arlington St., Park Plaza, & St. James Ave.",BP
-71.064322868308892,42.285727657488408,462,78,235,"Ashmont St., Dorchester Ave., & Talbot Ave. (Peabody Sq.)",DO
-71.048428525458291,42.290096682020817,463,79,585,"Ashmont St., Freeport St., & Neponset Ave.",DO
-71.075152581327117,42.291163867059851,464,80,4047,"Aspinwall St., Spencer St., & Talbot Ave.",DO
-71.051189531762645,42.363742530198877,465,92,33,"Atlantic Ave., Commercial St., Eastern St., & Fleet St.",BP
-71.05259311679248,42.360987237971933,466,93,1961,"Atlantic Ave., Cross St., & Mercantile St.  (Monitor #7002)",BP
-71.057057609821285,42.349541063240991,467,94,3078,"Atlantic Ave., Kneeland St., & Ramps",BP
-71.064449225701338,42.375571598002679,468,97,1545,"Austin St., Green St., & Main St.",CH
-71.161834073670633,42.271167783509007,469,110,1320,"Baker St., Centre Lane, & Centre St.",WR
-71.090374134717905,42.287216152888867,470,112,1010,"Balsam St., Blue Hill Ave., & Johnston Rd.",DO
-71.062823204547485,42.351502517607827,471,115,16,"Beach St., LaGrange St., & Washington St.",BP
-71.149634281261626,42.336010300959117,472,132,684,Beacon St. & Prendergast St.,AB
-71.149634281261626,42.336010300959117,473,133,685,Beacon St. & Prendergast St.,AB
-71.097127638051106,42.348806035702168,474,135,150,"Beacon St., Brookline Ave., Commonwealth Ave., & Deerfield St. (Kenmore Sq.)",BP
-71.097127638164253,42.348806035375532,475,136,3086,"Beacon St., Commonwealth Ave., & Raleigh St.",BP
-71.060443311105473,42.358018901947894,476,137,11,"Beacon St., School St., & Tremont St.",BP
-71.13699195403079,42.278318686911071,477,140,579,"Beech St., Walworth St., & Washington St.  (Monitor #583)",WR
-71.150051435166347,42.287284475448466,478,143,260,"Belgrade Ave., Centre St. & Manthorne Rd.",WR
-71.156967471195316,42.28373170952451,479,145,1086,"Bellevue St., Bird Pl., & Centre St.",WR
-71.068385766687143,42.312642276381347,480,146,4081,"Bellevue St., Columbia Rd., & Glendale St.",DO
-71.081820946037865,42.345438063546943,481,148,102,"Belvidere St., Huntington Ave., & West Newton St.",BP
-71.033672956894577,42.376864481691669,482,157,296,"Bennington St., Brooks St., & Havre St.",EB
-71.073836704693278,42.352875709302062,483,161,106,Berkeley St. & Commonwealth Ave.,BP
-71.073836704693278,42.352875709302062,484,162,107,Berkeley St. & Commonwealth Ave.,BP
-71.069836691746957,42.345291635406973,485,167,86,"Berkeley St., East Berkeley St., & Tremont St.",BP
-71.147432466761671,42.358872780253307,486,173,9014,"Birmingham Pkwy, Lincoln St., & Market St.",AB
-71.100570704262779,42.349404079888039,487,177,760,"Blandford St., Commonwealth Ave., & Silber Way",BP
-71.066976321165157,42.361136961591882,488,178,740,"Blossom St., Cambridge St., & Garden St.",BP
-71.083279494025916,42.308483665660468,489,195,190,"Blue Hill Ave., Cheney St., & Washington St.",RX
-71.074976965005632,42.325350827725025,490,197,306,"Blue Hill Ave., Dudley St., & Magazine St.",RX
-71.093004605947002,42.279305739009494,491,198,984,"Blue Hill Ave., Fessenden St., & Wellington Hill St.",DO
-71.085730533404401,42.301960837274486,492,199,215,"Blue Hill Ave., Glen Lane, & Glenway St.",DO
-71.088107034133856,42.29477591848373,493,200,217,"Blue Hill Ave., Harvard St., & Talbot Ave.",DO
-71.008036739427254,42.387141010614819,494,202,430,"Boardman St., Ford St., & Saratoga St.",EB
-71.061428555994041,42.320438736246999,495,206,220,"Boston St., Columbia Rd., & Massachusetts Ave. (Edward Everett Sq.)",DO
-71.056968673524892,42.329518401994918,496,207,172,"Boston St., Dorchester Ave., Dorchester St., Southampton St., & Preble St. (Andrew Square)",SB
-71.047168161332891,42.349562981483153,497,209,4057,"Boston Wharf Rd., Congress St., & West Service Rd.",SB
-71.062873769611187,42.36118455522368,498,214,37,"Bowdoin St., Cambridge St., & New Chardon St.",BP
-71.073660343636405,42.299396894474768,499,215,359,"Bowdoin St., Harvard St., & Washington St.",DO
-71.102634001123803,42.343334435552961,500,231,9002,"Boylston St., Brookline Ave., & Park Drive  (Formerly #158)",BP
-71.111620879401556,42.319512051281372,501,232,239,"Boylston St., Centre St., Moraine St., & South Huntington Ave.",WR
-71.071237176916839,42.382745554584403,502,233,66,"Boylston St., Charles St., & Charles St. South",BP
-71.08560216557332,42.347880101471347,503,234,1357,"Boylston St., Dalton St., & Hereford St.",BP
-71.062610155302963,42.352389870766025,504,235,17,"Boylston St., Essex St., & Washington St.",BP
-71.08909458676365,42.346939923549009,505,236,609,"Boylston St., Hemenway St., & Ipswich St.",BP
-71.097820596823823,42.344579297599275,506,237,753,"Boylston St., Jersey St., & Yawkey Way",BP
-71.071457324421957,42.332383434064333,507,238,135,"Bradston St., JFF On-Ramp, Massachusetts Ave., & Southampton St.",RX
-71.137466710158066,42.353588938853164,508,243,186,"Brighton Ave., Cambridge St., & North Beacon St. (Union Sq.)",AB
-71.124731993460173,42.352077636894911,509,244,179,"Brighton Ave., Commonwealth Ave., & Malvern St. (Packards Corner)",AB
-71.093169956440576,42.320803126833859,510,245,683,"Brinton St., Marcella St., & Washington St.  (Monitor #4092)",RX
-71.1083072195445,42.337982338201435,511,254,472,"Brookline Ave., Deaconess Rd., & Jimmy Fund Way",RX
-71.103244993827772,42.342750513220579,512,255,9011,"Brookline Ave., Fenway, & Riverway",RX
-71.100979431923733,42.344903129164258,513,256,4077,"Brookline Ave., Fullerton St., & Kilmarnock St.",BP
-71.115753332699029,42.351227916091958,514,260,604,"Buick St., Commonwealth Ave., & St. Paul St.",AB
-71.057090602193313,42.377097337701016,515,262,1657,"Bunker Hill St., Tufts St., & Vine St.  (Hayes Square)",CH
-71.070669059697707,42.319557090491074,516,263,4127,"Burgess St., Dudley St., & Folsom St.",DO
-71.125575449663316,42.255638825648809,517,265,1468,"Business St., Gordon Ave., & River St.",HP
-71.104822892386707,42.334154742367062,518,268,197,"Calumet St., Francis St., Huntington Ave., & Tremont St. (Brigham Cir.) (Monitor #198)",RX
-71.059870964255325,42.359489378133759,520,281,2020,"Cambridge St., Court St., & Tremont St.",BP
-71.068754270494878,42.361093562359379,521,283,723,"Cambridge St., Grove St., & North Grove St.",BP
-71.128002614715882,42.357287924019793,522,284,1325,"Cambridge St., Lincoln St., & Service Rd.",AB
-71.061321705459662,42.360867879113009,523,285,38,"Cambridge St., New Sudbury St., & Somerset St.",BP
-71.079579094003037,42.382311770372731,524,286,592,"Cambridge St., Parker St., & Stark St.",CH
-71.14702326055658,42.350164310815579,525,287,619,"Cambridge St., Sparhawk St., & Warren St.",AB
-71.06381904815575,42.361164134221958,526,288,121,"Cambridge St., Staniford St., & Temple St.",BP
-71.150433225166239,42.348918547069971,527,289,633,"Cambridge St., Washington St., & Winship St. (Morgan Sq.)",AB
-71.1236810370076,42.278068561864771,528,292,1730,"Canterbury St., Grew Ave., & Poplar St.",WR
-71.109422842515031,42.350258580886006,529,294,1329,"Carlton St., Commonwealth Ave., & University Rd.",BP
-71.058471615929406,42.366981093037481,530,298,29,"Causeway St., Commercial St., & North Washington St. (Keany Sq.)",BP
-71.063363638976568,42.364182077393181,531,299,109,"Causeway St., Lomasney Way, Merrimac St., & Staniford St.",BP
-71.07220546640346,42.349541474999803,532,166,279,Berkeley St. & Stuart St.,BP
-71.079507357038821,42.29245316431431,533,168,1186,Bernard St. & Talbot Ave.,DO
-71.106139612515165,42.338269238523608,534,171,1310,Binney St. & Longwood Ave.,RX
-71.067413484844877,42.314624684334298,535,172,536,Bird St. & Columbia Rd.,DO
-71.105151773996681,42.3377959244526,536,174,708,Blackfan Circle & Longwood Ave.,RX
-71.04687749405845,42.288146352917508,537,175,1345,Blackwell St. & Neponset Ave.,DO
-71.118828391887916,42.285504658508899,538,176,563,Blakemore St. & Hyde Park Ave.,WR
-71.092433482366289,42.280912104417361,539,179,1813,Blue Hill Ave. & Clarkwood St.,DO
-71.085059361610277,42.303512960450171,540,180,218,Blue Hill Ave. & Columbia Rd.,DO
-71.093868999070935,42.268702262032662,541,181,843,Blue Hill Ave. & Fairway St.,DO
-71.080739888266223,42.311903888194649,542,182,1437,Blue Hill Ave. & Intervale St.,RX
-71.076677813165631,42.322895638004944,543,183,1729,Blue Hill Ave. & Moreland St.,RX
-71.093409251800068,42.276100855719406,544,184,231,Blue Hill Ave. & Norfolk St.,DO
-71.078833044566181,42.314615648512699,545,185,394,Blue Hill Ave. & Quincy St.,RX
-71.093748731227194,42.271710067931416,546,186,957,Blue Hill Ave. & Regis Rd.,DO
-71.084759335951887,42.305259194231738,547,187,2103,Blue Hill Ave. & Seaver St.,RX
-71.093581846278695,42.277255640905615,548,189,232,Blue Hill Ave. & Walk Hill St.,DO
-71.089057643377203,42.29118494823684,549,192,1011,Blue Hill Ave. & Westview St.,DO
-71.093692536949263,42.27340552585747,550,193,1842,Blue Hill Ave. & Woodhaven St.,DO
-71.090856670055089,42.285662066969088,551,194,1009,Blue Hill Ave. & Woodrow Ave.,DO
-71.060205519457739,42.323668687803071,552,204,1809,Boston St. & Harvest St.,DO
-71.058853964037837,42.325954152693797,553,205,1418,Boston St. & Washburn St.,SB
-71.04555044724124,42.351743613512809,554,208,3108,Boston Wharf Rd. & Seaport Blvd.,SB
-71.071546490093013,42.303451020580276,555,210,139,Bowdoin St. & Geneva Ave.,DO
-71.06701314044048,42.306261159492067,556,211,285,Bowdoin St. & Hamilton St.,DO
-71.062290441620874,42.310731961787958,557,212,1314,Bowdoin St. & Hancock St.,DO
-71.065074221392706,42.308064957454363,558,213,268,Bowdoin St. & Quincy St.,DO
-71.075206761464514,42.350687970127467,559,217,78,Boylston St. & Clarendon St.,BP
-71.077322297253119,42.350113331911444,560,218,79,Boylston St. & Dartmouth St.,BP
-71.079499854947144,42.349525172022275,561,219,80,Boylston St. & Exeter St.,BP
-71.083754980560983,42.348379204531085,562,221,1573,Boylston St. & Gloucester St.,BP
-71.069164594702229,42.352216746970036,563,222,123,Boylston St. & Hadassah Way,BP
-71.100014211409857,42.343985992166942,564,224,1248,Boylston St. & Kilmarnock St.,BP
-71.104901335168179,42.317036591953091,565,225,1143,Boylston St. & Lamartine St.,WR
-71.087742721354488,42.347298677374191,566,226,92,Boylston St. & Massachusetts Ave.,BP
-71.064544568725239,42.352385104067267,567,229,3,Boylston St. & Tremont St.,BP
-71.09824661846632,42.318343438163375,568,239,801,Bragdon St. & Columbus Ave.,RX
-71.098216980520192,42.317359963166567,569,240,3079,Bray St. & Columbus Ave.,RX
-71.132080694616093,42.352964009945332,570,241,185,Brighton Ave. & Harvard Ave.,AB
-71.061269498543368,42.357191281672321,571,249,10,Bromfield St. & Tremont St.,BP
-71.110060303663673,42.336310279122131,572,250,9013,Brookline Ave & Riverway,RX
-71.10725905517063,42.338922050985154,573,252,270,Brookline Ave. & Longwood Ave.,RX
-71.105747267915618,42.340364688986341,574,253,458,Brookline Ave. & Short St.,RX
-71.031963182149894,42.375784489368819,575,257,1466,Brooks St. & Chelsea St.,EB
-71.12244087077913,42.281843944455389,576,258,454,Brown Ave. & Cummins Hwy.,WR
-71.114397583531897,42.311593569869338,577,264,1540,Burroughs St. & Centre St.,WR
-71.112314829088575,42.323954710417382,578,266,1419,Bynner St. & South Huntington Ave.,WR
-71.145607974600523,42.35076102265613,579,269,2062,Cambridge St. & Dustin St.,AB
-71.142975471967873,42.351586206171419,580,270,699,Cambridge St. & Eleanor St. @ School Driveway,AB
-71.140285542677475,42.352610821162891,581,271,449,Cambridge St. & Gordon St.,AB
-71.126429085335843,42.357865940759204,582,274,803,Cambridge St. & North Harvard St.,AB
-71.123161895629366,42.359026551456203,583,276,1326,Cambridge St. & Windom St.,AB
-71.132133873151361,42.355828326000868,584,277,1154,Cambridge St. @ Highgate St.,AB
-71.119176287979386,42.278648228679529,585,290,797,Canterbury St. & Hyde Park Ave.,WR
-71.121521380878718,42.278175449558212,586,291,1714,Canterbury St. & Pinedale Rd.,WR
-71.115460518390549,42.307699905538783,587,295,1787,Carolina Ave. & South St.,WR
-71.062317918922304,42.364847162889546,588,297,303,Causeway St. & Portland St.,BP
-71.096996772983573,42.328161153412076,589,300,1077,Cedar St. & Columbus Ave.,RX
-71.088805550895941,42.324225404720757,590,301,64,Cedar St. & Washington St.,RX
-71.121297818633209,42.255887891448772,591,303,1132,Central Ave. & River St.,HP
-71.146507289340263,42.287685928438371,592,307,439,Centre St. & Colbert St.,WR
-71.154880032552526,42.28616438392713,593,308,272,Centre St. & Corey St.,WR
-71.158175806096494,42.280696290018277,594,309,261,Centre St. & LaGrange St.,WR
-71.10057475469263,42.322832281750337,595,310,805,Centre St. & Lamartine St.,RX
-71.104887486726938,42.322734689458429,596,311,1090,Centre St. & Mozart St.,RX
-71.095668392904315,42.327686616550977,597,302,1017,"Cedar St., Centre St., & Fort Ave.",RX
-71.157292514363888,42.282893073898663,598,312,1779,Centre St. & Mt. Vernon St.,WR
-71.156462965694956,42.285133914979809,599,313,1687,Centre St. & Park St.,WR
-71.039069438413065,42.374180928676957,600,305,170,"Central Sq., Meridian St., & Saratoga St.",EB
-71.144714103836066,42.288227846618767,601,315,513,Centre St. & South St.,WR
-71.098397216459247,42.324942786420095,602,318,196,"Centre St., Columbus Ave., & Heath St.",RX
-71.13603390492554,42.29444697787072,603,316,353,Centre St. & Weld St.,WR
-71.098397216459247,42.324942786420095,604,319,287,"Centre St., Columbus Ave., & Ritchie St.",RX
-71.152194484284692,42.28753932076031,605,317,1493,Centre St. & Willow St.,WR
-71.069881719795603,42.357033786855695,606,330,140,Charles St. & Chestnut St.,BP
-71.108493216780815,42.322377949718778,607,320,1089,"Centre St., Creighton St., & Forbes St.",RX
-71.070298114104574,42.357792711940178,608,331,141,Charles St. & Mt. Vernon St.,BP
-71.115548748283828,42.309760342967955,609,321,242,"Centre St., Eliot St., & South St.",WR
-71.070727534788602,42.358814431886934,610,332,142,Charles St. & Pinckney St.,BP
-71.114100465553221,42.313240481712448,611,323,293,"Centre St., Green St., & Myrtle St.",WR
-71.070761372932083,42.359484801707431,612,333,143,Charles St. & Revere St.,BP
-71.159434984122612,42.27885255134737,613,324,620,"Centre St., Lorette St., & St. Theresa Ave.",WR
-71.066857230331863,42.350963617095168,614,335,1732,Charles St. South & Stuart St.,BP
-71.07207334886904,42.290243445603316,615,325,225,"Centre St., Norfolk St., Talbot Ave., & Washington St. (Codman Sq.)",DO
-71.05666863626935,42.368228205917539,616,341,537,Charter St. & Commercial St.,BP
-71.160063972315044,42.27827403269707,617,326,275,"Centre St., Spring St., & Temple St.",WR
-71.059261557290739,42.354581517812704,618,342,59,Chauncy St. & Summer St.,BP
-71.073214645997666,42.309652080117118,619,327,995,"Ceylon St., Columbia Rd., & Columbia Terrace",DO
-71.058305377937018,42.373765156366559,620,343,4037,Chelsea St. & Constitution Rd.,CH
-71.067500804741883,42.352512196427966,621,329,9008,"Charles Circle, Charles St., & Storrow Dr. Ramp",BP
-71.056288075789269,42.375323887533035,622,344,3038,Chelsea St. & Fifth St.,CH
-71.066629841808137,42.348791354836862,623,336,1783,"Charles St. South, Jefferson St., & Tremont St.",BP
-71.033415267431891,42.374523098045977,624,345,445,Chelsea St. & Marion St.,EB
-71.09158809686285,42.348845064660615,625,337,3090,Charlesgate East & Commonwealth Ave.,BP
-71.029192540794853,42.378164449241176,626,346,2311,Chelsea St. & Prescott St.,EB
-71.09158809686285,42.348845064660615,627,338,3091,Charlesgate East & Commonwealth Ave.,BP
-71.052046468116515,42.379549628813137,628,347,4053,Chelsea St. & Sixteenth St.,CH
-71.09158809686285,42.348845064660615,629,339,3088,Charlesgate West & Commonwealth Ave.,BP
-71.05261060898053,42.378798917022735,630,348,3039,Chelsea St. & Thirteenth St.,CH
-71.09158809686285,42.348845064660615,631,340,3089,Charlesgate West & Commonwealth Ave.,BP
-71.060510549913715,42.372243931232831,632,349,2339,Chelsea St. & Warren St.,CH
-71.035038122177269,42.373134986798995,633,352,396,"Chelsea St., George R. Visconti Rd., & Porter St.",EB
-71.070002850038549,42.330537216555541,634,354,1157,Chesterton St. & Massachusetts Ave.,RX
-71.153849110932782,42.342634267098802,635,357,2070,"Chestnut Hill Ave., Hatherly Rd., & Engine #29",AB
-71.153161849213632,42.337985081139919,636,355,182,Chestnut Hill Ave. & Commonwealth Ave.,AB
-71.153436017763411,42.349086420998511,637,358,184,"Chestnut Hill Ave., Market St., & Washington St.",AB
-71.154533207561499,42.341572304787832,638,356,713,Chestnut Hill Ave. & Embassy Rd.,AB
-71.155287530316116,42.34038843618869,639,359,631,"Chestnut Hill Ave., South St., & Strathmore Rd.",AB
-71.115212621849082,42.306668660357566,640,360,809,Child St. & South St.,WR
-71.075998263333631,42.352302360707455,641,365,3044,Clarendon St. & Commonwealth Ave.,BP
-71.15113996138291,42.340306636959532,642,361,453,Chiswick Rd. & Commonwealth Ave.,AB
-71.075998263333631,42.352302360707455,643,366,3045,Clarendon St. & Commonwealth Ave.,BP
-71.068660254335185,42.350513918859399,644,362,347,Church St. & Stuart St,BP
-71.081799522125351,42.320765062103966,645,372,1204,"Clifford St., Dale St., & Warren St.",RX
-71.149373750565616,42.293100283556555,646,363,687,Church St. & Weld St.,WR
-71.120549215950078,42.27032608494639,647,376,568,"Collins St., Hyde Park Ave., & Metropolitan Ave.",HP
-71.073503467542508,42.347281045345952,648,364,1639,Clarendon St. & Columbus Ave.,BP
-71.065215019196856,42.317070314939549,649,387,223,"Columbia Rd., Dudley St., & Stoughton St. (Uphams Corner)",DO
-71.07656606982799,42.353453542136897,650,367,679,Clarendon St. & Marlborough St.,BP
-71.094496079984268,42.331437747055531,651,398,192,"Columbus Ave., Malcolm X Blvd., & Tremont St.",RX
-71.075601611802455,42.351490703721723,652,368,742,Clarendon St. & Newbury St.,BP
-71.095063281101744,42.313386628940172,653,399,616,"Columbus Ave., Seaver St., & Walnut Ave.",RX
-71.074803310461775,42.349859135247165,654,369,707,Clarendon St. & St. James Ave.,BP
-71.078139815623175,42.351718196399503,655,417,3046,Commonwealth Ave. & Dartmouth St.,BP
-71.074358696406733,42.348960313450668,656,370,466,Clarendon St. & Stuart St.,BP
-71.080279662522528,42.351138106687365,657,418,4010,Commonwealth Ave. & Exeter St.,BP
-71.071824840659275,42.343877613180915,658,371,1250,Clarendon St. & Tremont St.,BP
-71.082595023086498,42.350515393262441,659,419,4008,Commonwealth Ave. & Fairfield St.,BP
-71.055852595745563,42.360810670749814,660,373,4108,Clinton St. & North St.,BP
-71.084538333461325,42.349995565027157,661,420,4006,Commonwealth Ave. & Gloucester St.,BP
-71.086052267531997,42.34957911598152,662,422,4004,Commonwealth Ave. & Hereford St.,BP
-71.145936285378497,42.341937184420495,663,375,1206,Colborne Rd. & Commonwealth Ave.,AB
-71.078139815623175,42.351718196399503,664,423,3047,Commonwealth Ave. & Dartmouth St.,BP
-71.075939532075353,42.30749019638678,665,377,1164,Columbia Rd. & Devon St.,DO
-71.05678388544672,42.320656227773398,666,378,221,Columbia Rd. & Dorchester Ave.,DO
-71.080279662522528,42.351138106687365,667,424,4011,Commonwealth Ave. & Exeter St.,BP
-71.078215832622476,42.306048311455747,668,380,541,Columbia Rd. & Geneva Ave,DO
-71.082595023086498,42.350515393262441,669,425,4009,Commonwealth Ave. & Fairfield St.,BP
-71.06631842183927,42.315798469722964,670,381,226,Columbia Rd. & Hancock St.,DO
-71.084538333461325,42.349995565027157,671,426,4007,Commonwealth Ave. & Gloucester St.,BP
-71.059718910256052,42.319980328477676,672,382,448,Columbia Rd. & Pond St.,DO
-71.16145669403862,42.340179693097625,673,427,1789,Commonwealth Ave. & Greycliff St.,AB
-71.070040972363159,42.311281919172032,674,383,371,Columbia Rd. & Quincy St.,DO
-71.086052267531997,42.34957911598152,675,428,4005,Commonwealth Ave. & Hereford St.,BP
-71.082331185859303,42.304145200117517,676,384,229,Columbia Rd. & Seaver St.,DO
-71.118526522738364,42.351556044199526,677,429,1422,"Commonwealth Ave., Harry Agganis Way, & Pleasant St.",BP
-71.080460717571754,42.305353345647227,678,385,144,Columbia Rd. & Washington St.,DO
-71.139932192232109,42.348483769616941,679,430,323,"Commonwealth Ave., Kelton St., & Warren St.",AB
-71.150334106741326,42.340845461641244,680,431,1191,"Commonwealth Ave., Kinross St., & Wallingford Rd.",AB
-71.166146258327615,42.340108339404843,681,432,879,"Commonwealth Ave., Lake St., & St. Thomas Moore Rd.",AB
-71.07806594192671,42.340535048055891,682,433,1620,"Concord Sq., Tremont St., & West Concord St.",BP
-71.045880769525454,42.348768880992203,683,443,4056,"Congress St., East Service Rd., & Ramp CI",SB
-71.058375701937962,42.362532558745514,684,444,1685,"Congress St., New Sudbury St., & Sudbury St.",BP
-71.057135608536257,42.360240099578512,685,445,26,"Congress St., North St., & Union St",BP
-71.136495920564059,42.288008677799176,686,447,1205,"Congreve St., South St., & Washington St.",WR
-71.058064807122889,42.36353775772929,687,448,4095,"Cooper St., Cross St., North Washington St., & Ramp ST-SA  (Monitor #34)",BP
-71.081902684020164,42.321731364266441,688,449,712,"Copeland St., Warren St., & Waverly St.",RX
-71.128945730471997,42.285710346799114,689,453,251,"Corinth St., Poplar St., & Washington St.",WR
-71.057797683081233,42.358842278081653,690,455,25,"Court St., State St., & Washington St.",BP
-71.056736739035969,42.318676165896086,691,457,523,"Crescent Ave., Dorchester Ave., & East Cottage St.",DO
-71.054834320790206,42.362239137743266,692,459,301,"Cross St., North St., & Ramp CN-SA  (Monitor #1961)",BP
-71.056267604849296,42.362984762696136,693,460,292,"Cross St., Salem St., & Sudbury St.  (Monitor #4094)",BP
-71.082999814984106,42.344311528976661,694,461,4000,Cumberland St. & Huntington Ave.,BP
-71.082999814984106,42.344311528976661,695,462,4001,Cumberland St. & Huntington Ave.,BP
-71.109196713372185,42.27435276255509,696,470,906,"Cummins Hwy., Harvard St., & Wood Ave.",DO
-71.104628336463733,42.271352195478343,697,471,346,"Cummins Hwy., Itasca St., & Ridlon Rd.",DO
-71.096177854764278,42.269028694465412,698,472,952,"Cummins Hwy., Rexford St., & Rockdale St.",DO
-71.039276904827133,42.349011352789113,699,485,606,"D St., Northern Ave., & Seaport Blvd. at Boston Fish Pier",SB
-71.076900220310108,42.349300213519705,700,493,81,"Dartmouth St., Huntington Ave., & St. James Ave.",BP
-71.073747893116035,42.342847489211671,701,494,145,"Dartmouth St., Tremont St., & West Dedham St.",BP
-71.083963442384118,42.33735143084207,702,495,1155,"Davenport St., Hammond St., & Tremont St.",RX
-71.079277193246483,42.328575398279774,703,497,4060,"Dearborn St., Dudley St., & Mt. Pleasant St.",RX
-71.058434851218152,42.307581369537793,704,517,222,"Dorchester Ave., East St., Freeport St., Hancock St., & Hoyt St.",DO
-71.056912208893166,42.328043188354847,705,518,1050,"Dorchester Ave., Father Anthony Songin Way, & Major O'Connor Way",SB
-71.060298804196378,42.299793144164624,706,519,2301,"Dorchester Ave., Faulkner St., & Lincoln St.",DO
-71.063135078112808,42.289960773917954,707,520,1168,"Dorchester Ave., Lonsdale St., & Welles Ave.",DO
-71.061365957703416,42.296124926170776,708,521,673,"Dorchester Ave., Melville Ave., & Parkman St.",DO
-71.045467896709297,42.335472091194369,709,526,175,"Dorchester St., East Broadway, & West Broadway (Perkins Sq.)",SB
-71.072207885950107,42.321382175054715,710,532,754,"Dudley St., East Cottage St., & West Cottage St.",DO
-71.071170057971102,42.286300876829209,711,534,4029,"Dunbar Ave., Roslin St., & Washington St.",DO
-71.067184497544019,42.377657817294534,712,535,3134,"Dunstable St., Main St., & Sullivan St.",CH
-71.039932347745122,42.335578475155359,713,542,1008,"East Broadway, Emerson St., & I St.",SB
-71.072486114292857,42.339624660866434,714,544,650,"East Brookline St., Washington St., & West Brookline St.",BP
-71.03547404270266,42.337339300301259,715,549,991,"East First St., L St., & Summer St.",SB
-71.073602871812369,42.338877609920658,716,551,383,"East Newton St., Washington St., & West Newton St.",BP
-71.043925246315666,42.351009350827866,717,552,3107,"East Service Rd., Pier Four Blvd., &  Seaport Blvd.",SB
-71.108586169350218,42.311158969165859,718,555,435,"Elm St., Green St., & Lamartine St.",WR
-71.143696486056982,42.272905236386457,719,557,255,"Enneking Pkwy., LaGrange St., & Washington St.",WR
-71.143696486056982,42.272905236386457,720,558,254,"Enneking Pkwy., Washington St., & West Roxbury Pkwy.",WR
-71.058013326878168,42.352338217753811,721,564,1291,"Essex St., Lincoln St., & Surface Rd.",BP
-71.146172475245734,42.35542921693964,722,565,1259,"Etna St., Life St., & North Beacon St.",AB
-71.08170397772966,42.331970964741075,723,567,1007,"Eustis St., Washington St., & Williams St.",RX
-71.097863071171929,42.338703028872466,724,569,9003,"Evans Way, Fenway, & Louis Prang St.",BP
-71.078718768077138,42.347826162349449,725,575,82,"Exeter St., Huntington Ave., & Stuart St.",BP
-71.091044091112366,42.277828122799328,726,584,985,"Fessenden St., Mildred Ave., & Norfolk St.",DO
-71.125800789215077,42.288634468099623,727,585,978,"Firth Rd., South St., & Washington St.",WR
-71.101564015065676,42.312500040010676,728,588,711,"Forest Hills St., Montebello Rd., & Washington St.",WR
-71.092318054828425,42.339110142767282,729,590,569,"Forsyth Way, Huntington Ave., & Parker St.",RX
-71.130401843579094,42.361977746782436,730,594,1183,"Franklin St., Kingsley St., & North Harvard St.",AB
-71.104571096757155,42.309452798778182,731,608,241,"Glen Rd., Green St., & Washington St.",WR
-71.080471725320493,42.296404115778316,732,609,1081,"Glenway St., Harvard St., & Warner St.",DO
-71.121071055897474,42.265932390212477,733,615,1469,"Greenwood Ave., Hyde Park Ave., & Thatcher St.",HP
-71.096109254656,42.331656140425551,734,618,1972,"Gurney St., Terrace St., & Tremont St.",RX
-71.075014203162866,42.329098043289136,735,620,709,"Hampden St., Keegan St., & Norfolk Ave.",RX
-71.054645254796327,42.363649423547322,736,622,35,"Hanover St., Parmenter St., & Richmond St.",BP
-71.079753250091855,42.347021660241715,737,623,4002,"Harcourt St., Huntington Ave., & Ring Rd.",BP
-71.062957636834398,42.347070625471716,738,633,395,"Harrison Ave., Hudson St., & Marginal Rd.",BP
-71.068604721475253,42.340192595416809,739,634,390,"Harrison Ave., Malden St., & Msgr. Reynolds Way",BP
-71.075961681863362,42.30087145862403,740,635,608,"Harvard Ave., Vassar St., & Washington St.",DO
-71.091882828782559,42.309685405926636,741,651,432,"Humboldt Ave., Old Trail Rd., & Seaver St.",RX
-71.088951291325444,42.340455806982916,742,657,4019,Huntington Ave. & Opera Place,RX
-71.088951291325444,42.340455806982916,743,658,4020,Huntington Ave. & Opera Place,RX
-71.095562653513412,42.33769602777452,744,661,3096,"Huntington Ave., Louis Prang St., & Ruggles St.",RX
-71.109316290640919,42.333279616705767,745,662,613,"Huntington Ave., Mission Park Dr., & Parker Hill Ave.",RX
-71.066428066921489,42.272405680341059,746,15,475,Adams St @ #1185,DO
-71.060291175110876,42.348937399412463,747,29,4110,Albany St & South Station Connector,BP
-71.063166503608812,42.340135356512434,748,32,3113,Albany St Connector & Frontage Rd NB,BP
-71.06886388537076,42.392556309680771,749,36,953,Alford St @ Edison Gate,CH
-71.113755407647631,42.350966873283582,750,57,3094,Amory St & Commonwealth Ave (N. Rdwy),BP
-71.113798322995819,42.350792435982221,751,58,3095,Amory St & Commonwealth Ave (S. Rdwy),BP
-71.092794853080733,42.295207700381489,752,50,3020,American Legion Hwy & Lena Park (@#150),WR
-71.112171137739537,42.301699002783323,753,64,2164,"Arborway Ramps, Hyde Park Ave, New Washington St, & Washington St",WR
-71.052892875656539,42.354012760086661,754,88,4102,Atlantic Ave & Pearl St,BP
-71.051991653200531,42.35520203480344,755,784,558,"Purchase St, Ramp CS-P, & Seaport Blvd",BP
-71.052699756592801,42.354853183204824,756,783,1217,Purchase St @ Firehouse,BP
-71.057484819505774,42.36276529491164,757,821,4094,Sudbury St & Surface Rd SB,BP
-71.065102295872151,42.367283789320126,758,743,460,Nashua St @ #100,BP
-71.070855580035555,42.36137509214327,759,279,9010,"Cambridge St, Charles Circle, & Charles St",BP
-71.070919953044523,42.360883576285723,760,0,9008,"Charles Circle, Charles St, & Storrow Dr Ramp",BP
-71.067486724733286,42.367003467433491,761,687,4036,"Lowell St, Nashua St, & Ramp CN/N-LC",BP
-71.068108997400486,42.366511995589448,762,682,9050,"Msgr O'Brien Hwy, Nashua St, & Storrow Dr (Leverett Circle)",BP
-71.042831850412639,42.350465707871095,763,102,2351,B St & Seaport Blvd,SB
-71.043690157509531,42.349260485188715,764,103,4058,"B St, Congress St, & Ramps D & F",SB
-71.05225177167506,42.352336928530711,765,436,361,Congress St & Dorchester Ave,BP
-71.040278386445976,42.347944228893127,766,435,4059,Congress St & D St,SB
-71.064890343725068,42.33546221038867,767,595,9995,Frontage Rd NB & Massachusetts Ave Connector,SB
-71.063774544318505,42.333907732312923,768,596,9990,Frontage Rd NB & South Boston Bypass Rd,SB
-71.064439732360498,42.333701523125171,769,599,9991,Frontage Rd SB & South Boston Bypass Rd,SB
-71.061199623395098,42.343852556423293,770,597,4114,Frontage Rd NB & Traveler St,SB
-71.061027961138123,42.329640651128123,771,600,9994,Frontage Rd SB & South Bay Mall Dr,SB
-71.059783416933513,42.350116829464682,772,676,1273,Kneeland St & Surface Rd SB,BP
-71.059440093985017,42.348705440165709,773,684,4109,"Lincoln St, South Station Connector, & Ramp K",BP
-71.087356533807352,42.335414624176927,774,722,3011,Melnea Cass Blvd & Tremont St (NB Turn),RX
-71.083193744404639,42.341536995547344,775,712,2363,Massachusetts Ave @ MBTA Station Pedestrian Crossing,BP
-71.090939966716547,42.343836695762512,776,582,9019,Fenway @ Fire Alarm HQ,BP
-71.090682474587709,42.34420146811464,777,581,407,Fenway & Westland Ave,BP
-71.092356173718144,42.346881686896786,778,216,9007,Bowker Overpass & Boylston St,BP
-71.104179354778466,42.34413802916675,780,768,9000,Park Dr & Riverway,BP
-71.08072611174255,42.349149475494798,781,228,3131,Boylston St & Ring Rd,BP
-71.082344075743833,42.34873551751074,782,230,3132,Boylston St @ Prudential Service Entrance,BP
-71.053183090444165,42.360564829231308,783,725,4117,Mercantile St & Surface Rd SB,BP
-71.045308121461133,42.347990165840635,784,822,4111,Summer St & West Side Dr,SB
-71.09023933153324,42.33547643217166,785,798,3068,Ruggles St @ MBTA Station Bus Dr,RX
-71.113240248737725,42.301861586571263,786,749,2319,New Washington St @ Forest Hills MBTA Ped Crossing,WR
-71.114978320625553,42.299719059899829,787,844,1712,Washington St @ Forest Hill MBTA Station Busway,WR
-71.112934328911749,42.300915560695366,788,669,2303,Hyde Park Ave & Forest Hills MBTA Station Busway Entrance,WR
-71.067736991248609,42.374210647936572,789,96,164,Austin St & Rutherford Ave,CH
-71.068037399189734,42.381660668922017,790,261,977,Bunker Hill St @ White Pool,CH
-71.076126944331691,42.383309064518784,791,275,3114,Cambridge St & Ramp CL,CH
-71.064926035170942,42.372371783448031,792,787,2345,Ramp TL & Rutherford Ave,CH
-71.106870092804968,42.348576963154017,793,739,8001,Mountfort St & St. Mary's St,BROOKLINE
-71.10747090740233,42.341360923629821,794,794,9021,Riverway & Short St,BP
-71.062216662768435,42.353841771829998,795,99,3076,Avenue de Lafayette & Washington St,BP
-71.059362791277451,42.351050844688601,796,114,1292,Beach St & Surface Rd SB,BP
-71.058483027205341,42.364385917985921,797,169,4120,Beverly St & North Washington St,BP
-71.058955096175481,42.364877406427894,798,170,4121,Beverly St & Valenti St,BP
-71.058204077376047,42.364385917994795,799,0,4095,"Cooper St, Cross St, North Washington St, & Ramp ST-SA",BP
-71.114552035108119,42.300967537679455,800,0,2165,South St & Washington St @ Forest Hill MBTA Busway Exit,WR
-71.114423289087568,42.301903891569964,801,0,2163,"Arborway EB Off-ramp, South St, & Washington St",WR
-71.114745152867997,42.277633547156242,802,468,1564,Cummins Hwy @ Shopping Center,WR
-71.107363710938387,42.272473505193801,803,467,955,Cummins Hwy @ #610 (near Hebron St),DO
-71.062742680026233,42.291409842313314,804,516,468,Dorchester Ave @ St. Mark's Church,DO
-71.054202525458379,42.32146600033866,805,379,2059,Columbia Rd & Pulaski I-93 SB Ramps,DO
-71.092377682172639,42.27121463249469,806,106,555,Babson St & Freemont St,DO
-71.08255726686761,42.271361997240504,807,792,971,River St @ Mattapan Heights,DO
-71.086119241574394,42.270774509021848,808,793,968,River St @ Ryan Playground,DO
-71.048353730623063,42.346356673722788,809,808,9063,South Boston Haul Rd & West Service Rd Exit,SB
-71.063030782263908,42.330685952106499,810,813,9989,Southampton St & South Bay Dr,RX
-71.06963974752459,42.33203429500383,811,814,429,Southampton St @ #112,RX
-71.137629495404681,42.238853888425851,812,848,2246,West Milton St @ #79,HP
-71.152476013754608,42.357031844950505,813,754,1133,North Beacon St @ #265,AB
-71.039007807185683,42.371744850231373,814,727,2309,Meridian St @ #65,EB
-71.02353682102499,42.380700971287816,815,156,4126,Bennington St @ Wood Island MBTA Station,EB
-71.130186055302559,42.352782191042998,816,242,1441,Brighton Ave & Linden Ave,AB
-71.132760976963866,42.355557184558499,817,282,621,"Cambridge St, Franklin St, & Harvard Ave",AB
-71.141344048065122,42.34586795944282,818,415,470,Commonwealth Ave & Summit Ave,AB
-71.109042273373348,42.348912853271848,819,293,8000,Carlton St & Mountfort St,BROOKLINE
-71.068508717753247,42.354463060911556,820,334,624,Charles St @ Center Gate (Boston Common),BP
-71.098549466822334,42.324121236686771,821,396,4125,Columbus Ave @ Jackson Sq MBTA Busway,RX
-71.099665266057883,42.322725128827031,822,306,3067,Centre St @ Jackson Sq MBTA Station,RX
-71.084580518304662,42.334765540572597,823,675,2087,Kerr Way & Melnea Cass Blvd,RX
-71.086533167696743,42.344900542509045,824,710,132,Massachusetts Ave @ #216,BP
-71.040785395867275,42.3475014391081,826,476,3129,D St & MBTA Silver Line Transitway,SB
-71.041514956920409,42.346835366433432,827,478,4116,D St & Ramp DB,SB
-71.075868701277443,42.347076805771763,828,492,2302,Dartmouth St @ MBTA Back Bay Station,BP
-71.046536053897952,42.347758735526682,829,203,9062,"Boston Haul Rd, Mass Haul Rd, & Ramp CT-S",SB
-71.065847964459081,42.335895290340908,830,601,9993,"Frontage Rd SB, Ramp A2, & Ramp I",SB
-71.125242815521773,42.252089665524153,831,670,3065,Hyde Park Ave @ Blake Estates/Shaw's Market,HP
-71.044645920537874,42.344084464435554,832,484,3130,D St @ Mid-block Ped Crossing,SB
-71.082465310566292,42.30749550410151,833,845,1429,Washington St @ Ladder #23,DO
-71.096254244722473,42.337438987688039,834,659,3097,Huntington Ave @ Engine #37,RX
-71.127384148571181,42.275009570682741,835,779,1901,Poplar St @ Conley School,WR
-71.07123459149372,42.349095983125096,836,395,405,Columbus Ave @ Engine #7,BP
-71.000059471735923,42.384275894378355,837,802,1811,Saratoga St @ #1158,EB
-71.099589191188144,42.348157783247494,838,134,1340,Beacon St @ #712,BP
-71.043514230331908,42.351864826527091,839,,4130,Northern Ave & Pier Four Blvd. ,
-71.103790604266095,42.343148668412518,840,,9022,Riverway & Riverway Connector,RX
,,841,,,,RX
-71.12933470331528,42.296506865162165,842,,531,Bussey Street & Walter Street,WR
-71.035578411664616,42.341047639759346,843,,2412,Summer St & Fed Ex Driveway/Thomas Butler Freight Corridor,SB
